<?xml version="1.0" encoding="UTF-8"?>
<Configuration status="WARN" monitorInterval="30">
	<Properties>
		<Property name="baseDir">C:/_spring/workspace/logs/SpringBoard/</Property>
	</Properties>
	<Appenders>
		<Console name="Console" target="SYSTEM_OUT">
			<PatternLayout pattern="%d{HH:mm:ss.SSS}[%t]%-5level %logger{36}-%msg%n" />
		</Console>
		<RollingFile name="RollingFile" fileName="${baseDir}/app.log"
			filePattern="${baseDir}/$${date:yyyy-MM}/app-%d{MM-dd-yyyy}-%i.log.zip">
			<PatternLayout>
				<Pattern>%d %p %c{1.} [%t] %m%n</Pattern>
			</PatternLayout>
			<Policies>
				<TimeBasedTriggeringPolicy />
				<SizeBasedTriggeringPolicy size="250 MB" />
			</Policies>
			<DefaultRolloverStrategy max="20" />
		</RollingFile>
	</Appenders>
    
    <Loggers>
         <Logger name="java.sql" level="INFO" additivity="false">
            <AppenderRef ref="Console" />
        </Logger>
        <Logger name="jdbc.sqltiming" level="INFO" additivity="false">
            <AppenderRef ref="Console" />
        </Logger>
        <Logger name="egovframework" level="INFO" additivity="false">
            <AppenderRef ref="Console" />
        </Logger>
        <Logger name="com" level="INFO" additivity="false">
            <AppenderRef ref="Console" />
        </Logger>
        <Logger name="org.springframework" level="INFO" additivity="false">
            <AppenderRef ref="Console" />
        </Logger>
        <Root level="trace">
			<AppenderRef ref="Console" />
			<AppenderRef ref="RollingFile"/>
		</Root>
    </Loggers>
</Configuration>
<!-- http://logging.apache.org/log4j/2.x/manual/appenders.html#ConsoleAppender -->
<!-- http://logging.apache.org/log4j/2.x/manual/appenders.html#RollingFileAppender -->